Store ID,Address,City,State,Zip Code,Latitude,Longitude
2,2424 Baldwin Blvd,Corpus Christi,Texas,78405,27.7737295,-97.4197227
3,4510 Leopard St,Corpus Christi,Texas,78408,27.7974914,-97.4436075
4,510 S 14th St,Kingsville,Texas,78363,27.5124514,-97.8556869
5,1242 E Main St.,Alice,Texas,78332,27.7538113,-98.0596678
7,1412 E Jackson Ave,McAllen,Texas,78503,26.1904519,-98.2067953
9,3220 Gollihar Rd,Corpus Christi,Texas,78415,27.7377809,-97.4050959
10,509 E Rio Grande St,Victoria,Texas,77901,28.8054811,-96.998758
12,2018 S Staples St,Corpus Christi,Texas,78404,27.7657868,-97.4026943
14,2737 W Wheeler Ave,Aransas Pass,Texas,78336,27.9250901,-97.1784157
15,5900 San Pedro Ave,San Antonio,Texas,78212,29.4886864,-98.498932
21,5480 Pensacola Blvd,Pensacola,Florida,32505,30.4710686,-87.2447098
23,2916 West Expressway 83,McAllen,Texas,78501,26.1942102,-98.2563093
24,3716 Andrews Hwy,Odessa,Texas,79762,31.8782401,-102.3831708
25,1313 N New Warrington Rd,Pensacola,Florida,32506,30.4273657,-87.2708679
26,1520 E Business 83,Weslaco,Texas,78596,26.1562442,-97.9759292
30,1900 E 8th St,Odessa,Texas,79761,31.86026,-102.3472488
31,4126 S Staples St,Corpus Christi,Texas,78411,27.729315,-97.3806268
32,1739 South Beckham,Tyler,Texas,75701,32.3298381,-95.2909432
34,1710 N Saint Marys St,Beeville,Texas,78102,28.4172823,-97.7553791
35,2301 Spencer Hwy,Pasadena,Texas,77504,29.6652092,-95.2059132
38,105 TX-63 Spur,Longview,Texas,75601,32.4984171,-94.7515654
40,2411 Palmer Hwy,Texas City,Texas,77590,29.3944217,-94.9300419
41,1522 E Harrison Ave,Harlingen,Texas,78550,26.1904386,-97.6794625
42,417 E Gregory St,Pensacola,Florida,32502,30.4171769,-87.2046283
43,902 S Texas Ave,Bryan,Texas,77803,30.6648882,-96.3716791
47,2118 Guadalupe St,Laredo,Texas,78043,27.5069269,-99.4745827
48,2010 Victory Dr,Marshall,Texas,75672,32.5474244,-94.3466788
55,23 Miracle Strip Pkwy SW,Fort Walton Beach,Florida,32548,30.4046025,-86.6165602
60,2107 S US Highway 281,Edinburg,Texas,78539,26.2820847,-98.1665969
65,9500 Montana Ave,El Paso,Texas,79925,31.7940273,-106.3590266
69,4902 San Bernardo,Laredo,Texas,78041,27.5447862,-99.5048487
71,4051 E Lancaster Ave,Fort Worth,Texas,76103,32.7412052,-97.2649065
72,1101 Thomasville Rd,Tallahassee,Florida,32303,30.4544443,-84.2779361
76,2600 Hemphill St,Fort Worth,Texas,76110,32.7142871,-97.3319725
78,105 Dominik Dr,College Station,Texas,77840,30.6185113,-96.3220442
79,5315 N May Ave,Oklahoma City,Oklahoma,73112,35.524498,-97.5663027
80,128 E Kearney St,Mesquite,Texas,75149,32.7700998,-96.5977674
81,6327 Stewart Rd,Galveston,Texas,77551,29.2746196,-94.8320748
82,421 N. Timberland Dr.,Lufkin,Texas,75901,31.3414827,-94.718558
84,6106 Cameron Rd,Austin,Texas,78723,30.3192409,-97.698206
85,1605 W Harrison Ave,Harlingen,Texas,78550,26.1898437,-97.713285
88,725 E Centerville Rd,Garland,Texas,75041,32.8783871,-96.6226261
89,905 North Loop W,Houston,Texas,77008,29.8120127,-95.4151867
91,1010 Wildcat Dr,Portland,Texas,78374,27.8803487,-97.318635
99,11721 E. NW Highway,Dallas,Texas,75218,32.8645833,-96.6781383
102,5832 NW 36th St,Oklahoma City,Oklahoma,73122,35.5074034,-97.6179204
104,2461 Government Blvd,Mobile,Alabama,36606,30.6721432,-88.0982367
107,2113 Veterans Blvd,Del Rio,Texas,78840,29.3878612,-100.9047366
110,5200 Davis Blvd,North Richland Hills,Texas,76180,32.8420257,-97.2139294
111,1521 Airline Rd,Corpus Christi,Texas,78412,27.7029152,-97.3635003
112,7007 S Zarzamora St,San Antonio,Texas,78224,29.3579938,-98.5345534
113,1221 Highway 157 N,Mansfield,Texas,76063,32.5810008,-97.151188
114,4111 SW 45th Ave,Amarillo,Texas,79109,35.1633732,-101.8823553
115,100 North Craft Highway,Chickasaw,Alabama,36611,30.7615862,-88.0733381
116,5525 S Buckner Blvd,Dallas,Texas,75228,32.7933227,-96.6854697
116,111 Resource Center Pkwy,Birmingham,Alabama,35242,33.4254906,-86.7052362
117,137 W SW Loop 323,Tyler,Texas,75701,32.3034571,-95.3028586
119,3582 Hwy 114,Ft. Worth,Texas,76177,33.0255844,-97.2799331
119,3313 Cherry Ln,Fort Worth,Texas,76116,32.7238733,-97.4505801
120,4545 North Fwy,Houston,Texas,77022,29.8316563,-95.3839557
122,8930 Fry Rd,Cypress,Texas,77433,29.9118719,-95.7257247
123,1121 Waldron Rd,Corpus Christi,Texas,78418,27.6676257,-97.2825468
124,1124 SW 59th St,Oklahoma City,Oklahoma,73109,35.4058945,-97.5361056
125,4802 50th St,Lubbock,Texas,79414,33.5491843,-101.9141708
127,1701 Malone St,Denton,Texas,76201,33.2299104,-97.1500519
129,311 W Camp Wisdom Rd,Duncanville,Texas,75116,32.6623922,-96.9118994
131,12121 Katy Fwy,Houston,Texas,77079,29.7839539,-95.5999291
132,9516 N Lamar Blvd,Austin,Texas,78753,30.3653298,-97.6962551
134,444 W Little York Rd,Houston,Texas,77076,29.8702776,-95.4056131
136,5600 Montana Ave,El Paso,Texas,79925,31.7832593,-106.4215627
137,2429 Gessner Rd,Houston,Texas,77080,29.8150695,-95.5455481
138,1040 Gessner Rd,Houston,Texas,77055,29.7876703,-95.5437233
139,1405 West Hwy 332,Clute,Texas,77531,29.0106121,-95.4191352
140,928 S 7th St,Waco,Texas,76706,31.5485491,-97.1251909
141,8941 Long Point Rd,Houston,Texas,77055,29.8018077,-95.5101282
142,1604 FM 1960 West,Houston,Texas,77090,30.0126057,-95.4542542
143,810 Southmore Ave,Pasadena,Texas,77502,29.6905068,-95.2030596
144,3939 Red Bluff Rd,Pasadena,Texas,77503,29.6824762,-95.1514537
147,3202 Sherwood Way,San Angelo,Texas,76901,31.4460551,-100.4792422
149,4646 W Commerce St,San Antonio,Texas,78237,29.4303507,-98.5536925
149,1616 E Oltorf St,Austin,Texas,78741,30.2337527,-97.7394211
150,100 East Edinburg Ave,Elsa,Texas,78543,26.2941068,-97.99275
151,5726 East 41st Street,Tulsa,Oklahoma,74135,36.1039954,-95.9121017
152,421 S Broadway,Edmond,Oklahoma,73034,35.6505085,-97.482292
154,2420 NE Bob Bullock Loop,Laredo,Texas,78043,27.6128434,-99.4703996
154,5050 Antoine Dr,Houston,Texas,77092,29.8386933,-95.4728456
155,4817 Waterview Town Center Dr,Richmond,Texas,77407,29.6604005,-95.7174163
159,601 S Central Expy,Anna,Texas,75409,33.3464451,-96.5846501
160,3500 S New Braunfels,San Antonio,Texas,78223,29.383797,-98.4607695
161,510 Texan Trl,Corpus Christi,Texas,78404,27.7543641,-97.3893294
161,813 US Hwy 90 E,Castroville,Texas,78009,29.3560375,-98.862749
162,3210 E Martin Luther King Jr Blvd,Austin,Texas,78721,30.283093,-97.7029563
163,20151 S Ellsworth St.,Queen Creek,Arizona,85142,33.2613325,-111.6361984
164,815 Lake Bradford Rd,Tallahassee,Florida,32304,30.4328142,-84.3018301
165,714 Melton Street,Magnolia,Texas,77354,30.2112524,-95.7526524
165,2586 N Monroe St,Tallahassee,Florida,32303,30.4760714,-84.2976755
166,3052 Golden Triangle Blvd,Fort Worth,Texas,76244,32.9328132,-97.3134547
166,9402 Leopard St,Corpus Christi,Texas,78410,27.8265822,-97.5483987
168,2005 W Main Street,Atlanta,Texas,75551,33.1061797,-94.1965622
168,815 E Burgess Rd,Pensacola,Florida,32504,30.4937273,-87.2223687
169,5070 N 9th Ave,Pensacola,Florida,32504,30.4724055,-87.2122739
170,12440 N Tatum Blvd,Phoenix,Arizona,85032,33.6006294,-111.9801718
171,1824 Ashville Rd,Leeds,Alabama,35094,33.5623168,-86.522806
173,7023 W Hwy 90,San Antonio,Texas,78227,29.4029303,-98.6298006
174,4515 E US Hwy 83,Rio Grande City,Texas,78582,26.3715441,-98.7986316
175,4302 N Navarro St,Victoria,Texas,77901,28.8346649,-97.0010669
175,140 W Metro Rd,Leander,Texas,78641,30.5871047,-97.8578178
176,5500 Lemmon Ave,Dallas,Texas,75209,32.8287073,-96.8244137
176,257 Lofton Dr,Pineville,Louisiana,71360,31.3651924,-92.4078649
177,17000 N RM 620,Round Rock,Texas,78681,30.4660654,-97.8035627
177,800 Andrews Hwy,Midland,Texas,79701,31.999262,-102.1086553
178,1004 State Hwy 123,San Marcos,Texas,78666,29.8674693,-97.9392183
178,902 Keyser Ave,Natchitoches,Louisiana,71457,31.7531665,-93.0665389
179,2820 W. Washington,Stephenville,Texas,76401,32.2030443,-98.2406534
180,12034 Culebra Rd,San Antonio,Texas,78253,29.5034532,-98.7307164
181,712 Fort Worth Dr,Denton,Texas,76201,33.1976726,-97.1394408
181,2901 Spirit of Texas Dr,Austin,Texas,78719,30.2107605,-97.6675045
182,13391 Eastlake Blvd,El Paso,Texas,79928,31.6875124,-106.2668892
183,1755 N Lee Trevino Dr,El Paso,Texas,79936,31.7635379,-106.3194473
183,306 N Wright Street,Caldwell,Texas,77836,30.5373957,-96.6920626
184,9394 Lyndon B Johnson Fwy,Dallas,Texas,75243,32.9108192,-96.7363686
184,1621 Beltline Rd SW,Decatur,Alabama,35601,34.5667202,-87.01217
185,1778 Blanding Blvd,Middleburg,Florida,32068,30.1060795,-81.8281359
186,6970 Eastchase Loop,Montgomery,Alabama,36117,32.3592528,-86.1694138
187,382 E US Hwy 80,Sunnyvale,Texas,75182,32.7526042,-96.4633163
189,921 E Tucson Marketplace Blvd,Tucson,Arizona,85713,32.1871689,-110.9558583
190,100 East Expressway 83,Pharr,Texas,78577,26.2059506,-98.1812785
191,801 E 9th St,Mission,Texas,78572,26.2140776,-98.3175167
192,1110 W US Highway 77,San Benito,Texas,78586,26.1454125,-97.6355356
192,2501 Gateway Drive,Opelika,Alabama,36801,32.6210849,-85.4034952
193,5321 West Sublett Road,Arlington,Texas,76001,32.6467289,-97.1886695
194,1212 W Henderson St,Cleburne,Texas,76033,32.3420649,-97.4032855
195,1212 S Main St,Weatherford,Texas,76086,32.7450829,-97.7979018
196,1003 S Key Ave,Lampasas,Texas,76550,31.0594011,-98.1799466
196,1718 West Loop N,Houston,Texas,77008,29.8011115,-95.4481373
197,5806 Broadway Blvd.,Garland,Texas,75043,32.8450484,-96.5950769
198,650 Sunland Park Dr,El Paso,Texas,79912,31.8198104,-106.5401649
200,14543 Brook Hollow Blvd,San Antonio,Texas,78232,29.5799085,-98.47618
201,1807 Highway 35 N,Rockport,Texas,78382,28.0424021,-97.0421654
203,9200 Benbrook Blvd,Benbrook,Texas,76126,32.6735347,-97.4699806
204,3575 College St.,Beaumont,Texas,77701,30.0680499,-94.1281487
205,125 Sycamore School Rd.,Fort Worth,Texas,76134,32.6349113,-97.3235988
207,338 Junction Highway,Kerrville,Texas,78028,30.0549753,-99.1523177
208,1400 W Moore Ave,Terrell,Texas,75160,32.7384098,-96.2977099
209,1910 N Coit Rd,Richardson,Texas,75080,32.976316,-96.7678229
215,2955 N Hayden Rd,Scottsdale,Arizona,85251,33.4816989,-111.9085096
217,450 W Indian School Rd,Phoenix,Arizona,85013,33.4950886,-112.0799368
218,737 E McDowell Rd,Phoenix,Arizona,85006,33.4654736,-112.0635425
219,2901 E Bell Rd,Phoenix,Arizona,85032,33.6402612,-112.0196318
220,8922 W Bell Rd,Peoria,Arizona,85382,33.6385785,-112.2511389
220,4280 W Bell Rd,Glendale,Arizona,85308,33.6397815,-112.1511951
221,1346 South Rural Road,Tempe,Arizona,85281,33.4131194,-111.9267084
222,2910 W Thunderbird Rd,Phoenix,Arizona,85053,33.6111753,-112.1209174
230,6504 E 22nd St,Tucson,Arizona,85710,32.2060197,-110.8534526
232,3925 S 6th Ave,Tucson,Arizona,85714,32.1762206,-110.9680341
236,405 E Florence Blvd,Casa Grande,Arizona,85122,32.8792409,-111.7483076
245,2808 Carlisle Blvd NE,Albuquerque,New Mexico,87110,35.1131196,-106.6038496
247,200 Menaul Blvd NW,Albuquerque,New Mexico,87107,35.1102604,-106.6445811
262,6402 Telephone Rd,Houston,Texas,77061,29.671451,-95.2895678
263,2820 Chimney Rock Rd,Houston,Texas,77056,29.7361582,-95.476839
264,6914 Harrisburg Blvd,Houston,Texas,77011,29.7357943,-95.303757
265,6405 San Felipe St,Houston,Texas,77057,29.7498127,-95.4978141
266,3639 Westheimer Rd,Houston,Texas,77027,29.7412538,-95.4368558
267,3624 Old Spanish Trl,Houston,Texas,77021,29.7016378,-95.3627765
271,3712 S Shepherd Dr,Houston,Texas,77098,29.7328843,-95.4109929
278,11116 Fuqua St,Houston,Texas,77089,29.6125551,-95.2203161
279,10843 FM 1960 West,Houston,Texas,77070,29.9339475,-95.5824257
282,502 N IH 69,Robstown,Texas,78380,27.7936566,-97.651797
283,2419 Boca Chica Blvd,Brownsville,Texas,78521,25.9223408,-97.4842491
285,4502 Fredericksburg Rd,Balcones Heights,Texas,78201,29.489949,-98.5507076
286,2402 S Padre Island Dr,Corpus Christi,Texas,78415,27.7360844,-97.4260339
288,5001 Saratoga Blvd,Corpus Christi,Texas,78413,27.690468,-97.3949875
289,2503 E Hubbard St,Mineral Wells,Texas,76067,32.8095296,-98.0926048
293,1709 W 7th Ave,Corsicana,Texas,75110,32.0831743,-96.4799235
294,1702 19th St,Lubbock,Texas,79401,33.578152,-101.8557383
295,1905 N Big Spring St,Midland,Texas,79705,32.0164699,-102.0796612
296,2931 N Belt Line Rd,Irving,Texas,75062,32.8462017,-96.992774
297,3206 N Midkiff Rd,Midland,Texas,79705,32.0189635,-102.1242493
298,8300 N IH 35,Windcrest,Texas,78239,29.5133423,-98.3960228
299,4444 E Causeway Blvd,Corpus Christi,Texas,78402,27.8312101,-97.3850439
300,220 S San Patricio St,Sinton,Texas,78387,28.0347107,-97.5170302
302,4960 E 42nd St,Odessa,Texas,79762,31.8929177,-102.3346208
304,1432 S Peoria Ave,Tulsa,Oklahoma,74120,36.1412675,-95.9759256
305,3204 Town East Blvd.,Mesquite,Texas,75150,32.8026043,-96.6442046
306,4286 E. Lucas St.,Beaumont,Texas,77708,30.1193951,-94.1434794
307,2424 S Georgia St,Amarillo,Texas,79109,35.1877597,-101.8666533
308,1110 S. Gregg Street,Big Spring,Texas,79720,32.243218,-101.4748455
309,18004 Highway 59 N,Humble,Texas,77396,29.9801773,-95.2762598
310,630 U.S. 79,Henderson,Texas,75652,32.1587914,-94.7836822
311,729 Hwy 361,Port Aransas,Texas,78373,27.8272381,-97.0672599
313,121 North Shoreline,Corpus Christi,Texas,78401,27.7924468,-97.3929818
314,8101 Dyer St,El Paso,Texas,79904,31.8536357,-106.4393219
315,3202 Wurzbach Rd,San Antonio,Texas,78238,29.4665286,-98.6221987
316,7016 Bandera Rd,Leon Valley,Texas,78238,29.4992891,-98.624593
317,101 US-281,Falfurrias,Texas,78355,27.2267507,-98.1417504
318,143 S Interstate 35,New Braunfels,Texas,78130,29.6900375,-98.1109239
319,605 N Alamo St,Refugio,Texas,78377,28.3137038,-97.2739052
320,8214 Marbach Rd,San Antonio,Texas,78227,29.4174352,-98.6514001
321,801 E William Cannon Dr,Austin,Texas,78745,30.1902276,-97.7722747
323,1207 State Hwy 35 N,Port Lavaca,Texas,77979,28.6348276,-96.6278642
324,2627 FM 1960 Rd,Houston,Texas,77073,30.0228057,-95.3880346
325,4831 Fairmont Pkwy,Pasadena,Texas,77505,29.6501029,-95.1696418
327,11003 NW Military Hwy,San Antonio,Texas,78231,29.5554192,-98.5347036
328,1301 Hwy 100,Port Isabel,Texas,78578,26.0710528,-97.221763
329,8756 Grissom Rd,San Antonio,Texas,78251,29.4792563,-98.6573728
330,2201 N Mesa St,El Paso,Texas,79902,31.7733829,-106.5004784
331,4612 College Ave,Snyder,Texas,79549,32.6956222,-100.91869
333,1007 East Hidalgo St.,Raymondville,Texas,78580,26.4824097,-97.7704703
334,4021 IH 69 Access Rd,Corpus Christi,Texas,78410,27.8566752,-97.6307223
335,2701 E Saunders St,Laredo,Texas,78041,27.530138,-99.4686784
336,6817 S Padre Island Dr,Corpus Christi,Texas,78412,27.6959491,-97.348147
337,1120 W Pipeline Road,Hurst,Texas,76053,32.8239773,-97.1985175
338,2214 N Collins St,Arlington,Texas,76011,32.7699057,-97.0976479
339,1404 N State Highway 161,Grand Prairie,Texas,75050,32.7579233,-97.0281334
342,627 S. Jackson St.,Jacksonville,Texas,75766,31.9592183,-95.268802
343,6400 Wesley St,Greenville,Texas,75402,33.1059105,-96.1099217
344,4241 S 1st St,Abilene,Texas,79605,32.4513833,-99.778478
345,3501 Alta Mesa Blvd.,Fort Worth,Texas,76133,32.6493556,-97.3683155
346,601 Barton Springs Rd,Austin,Texas,78704,30.2580521,-97.7506867
347,2801 W Anderson Ln,Austin,Texas,78757,30.358676,-97.737075
349,602 S Padre Island Dr,Corpus Christi,Texas,78416,27.7561852,-97.4589811
350,1100 Texas Blvd N,Weslaco,Texas,78596,26.1716766,-97.9905806
351,203 E Pleasant Run Rd,Desoto,Texas,75115,32.6050809,-96.938029
352,5075 Rigsby Ave,San Antonio,Texas,78222,29.3987578,-98.3916586
353,6120 Lake Worth Blvd,Lake Worth,Texas,76135,32.8080374,-97.416273
357,100 West Loop 340,Waco,Texas,76712,31.5121867,-97.1871599
358,547 SW Wilshire Blvd,Burleson,Texas,76028,32.536415,-97.3337866
360,905 N Esplanade St,Cuero,Texas,77954,29.0976641,-97.2876901
361,105 North Interstate Hwy 45,Ennis,Texas,75119,32.3111241,-96.5804617
362,13900 O'Connor Road,San Antonio,Texas,78233,29.5677699,-98.3841209
363,4635 Rittiman Rd,San Antonio,Texas,78218,29.484475,-98.4005942
365,7210 FM 1960 Rd W,Houston,Texas,77069,29.9670645,-95.5370828
366,2130 E Paisano Dr,El Paso,Texas,79905,31.7660273,-106.4614988
367,2727 West Ave,San Antonio,Texas,78201,29.4855835,-98.5263405
368,5501 Rufe Snow Dr,North Richland Hills,Texas,76180,32.8469948,-97.239055
369,140 S Dowlen Rd,Beaumont,Texas,77707,30.0735916,-94.1725343
371,3401 S Coulter St,Amarillo,Texas,79109,35.176088,-101.9197863
372,131 Americas Avenue South,El Paso,Texas,79907,31.6803273,-106.3146028
373,909 N Mechanic St,El Campo,Texas,77437,29.2037299,-96.2759978
374,8055 North Loop,El Paso,Texas,79915,31.7290877,-106.3479657
375,100 Nasa Road 1,Webster,Texas,77598,29.5374548,-95.1189619
376,14301 S Padre Island Dr,Corpus Christi,Texas,78418,27.623295,-97.2223902
377,1900 Decker Dr,Baytown,Texas,77520,29.7410797,-94.981161
381,4720 Interstate 35 S,San Antonio,Texas,78211,29.3788296,-98.5125266
382,303 Roland Rd,San Antonio,Texas,78210,29.4025888,-98.4427354
384,3404 McNiel Ave,Wichita Falls,Texas,76308,33.8773679,-98.5480257
386,2515 W Airport Fwy,Irving,Texas,75062,32.8379755,-96.9797812
387,6469 Brentwood Stair Rd,Fort Worth,Texas,76112,32.756271,-97.2179093
388,1419 S 10th Street,McAllen,Texas,78501,26.1904922,-98.2315198
389,12663 Veterans Memorial Drive,Houston,Texas,77014,29.9706681,-95.4857689
390,2943 N Galloway Ave,Mesquite,Texas,75150,32.8066689,-96.6117757
391,604 N Highway 77,Waxahachie,Texas,75165,32.410257,-96.841632
392,307 S Mason Rd,Katy,Texas,77450,29.7824055,-95.7512739
395,6004 S Sheridan Rd,Tulsa,Oklahoma,74145,36.0779152,-95.9048221
396,4545 Violet Rd,Corpus Christi,Texas,78410,27.848558,-97.5842113
397,3360 S Watson Rd,Arlington,Texas,76014,32.6923992,-97.063831
398,12806 Interstate 35 Frontage Road,Live Oak,Texas,78233,29.554935,-98.3469239
399,1118 Roosevelt Avenue,San Antonio,Texas,78210,29.392777,-98.4857898
400,1506 W Buckingham Blvd,Garland,Texas,75042,32.930269,-96.6499065
401,1012 East Milam Avenue,Mexia,Texas,76667,31.6845337,-96.4699509
404,7430 Louetta Rd,Spring,Texas,77379,30.0189217,-95.5284914
406,318 N Highway 123 Byp,Seguin,Texas,78155,29.5709159,-97.9414313
407,513 N Alamo Rd,Alamo,Texas,78516,26.1895299,-98.1225275
408,231 South Austin,Denison,Texas,75020,33.7536463,-96.5372704
409,2111 E Main St,Uvalde,Texas,78801,29.2190226,-99.7661913
410,1726 Military Parkway,Mesquite,Texas,75149,32.7674273,-96.6241343
412,5779 Fairbanks Dr,El Paso,Texas,79924,31.9007258,-106.4074162
413,7400 Gateway Blvd E,El Paso,Texas,79915,31.7647511,-106.3665465
414,5402 E Speedway Blvd,Tucson,Arizona,85712,32.2358513,-110.8772949
415,1921 Hwy 90,Liberty,Texas,77575,30.0569595,-94.7967123
416,1504 W Church St,Livingston,Texas,77351,30.7116002,-94.9508167
417,500 N Bell Blvd,Cedar Park,Texas,78613,30.5149955,-97.825705
418,2159 HWY 36 South,Sealy,Texas,77474,29.7618331,-96.1509794
419,1120 N Velasco St,Angleton,Texas,77515,29.1770313,-95.4322307
421,1947 W Broadway Rd,Mesa,Arizona,85202,33.4071346,-111.8734869
424,2020 Avenue F,Bay City,Texas,77414,28.9836938,-95.9704326
425,1228 State Highway 16 S,Graham,Texas,76450,33.0931395,-98.5895947
426,10675 E 31st St,Tulsa,Oklahoma,74146,36.1193841,-95.8568619
427,734 N Pierce St,Amarillo,Texas,79107,35.2207917,-101.8301242
428,112 East Houston Hwy,Edna,Texas,77957,28.9884745,-96.6487583
429,2617 North Street,Nacogdoches,Texas,75965,31.6145376,-94.6497252
431,13728 East Freeway,Houston,Texas,77015,29.7697394,-95.1793595
432,3530 Highway 6 S,Houston,Texas,77082,29.7195275,-95.6449119
433,2406 S Main St,Pearland,Texas,77581,29.5628557,-95.2864763
434,13030 Murphy Road,Stafford,Texas,77477,29.6332842,-95.5653992
435,1040 Central Fwy,Wichita Falls,Texas,76306,33.9341468,-98.5181928
436,5270 Doniphan Dr,El Paso,Texas,79932,31.8505584,-106.5828767
437,907 East US Highway 377,Granbury,Texas,76048,32.4340252,-97.7772635
439,316 Sawdust Rd,Spring,Texas,77380,30.1270117,-95.448154
440,2201 NW Cache Rd,Lawton,Oklahoma,73505,34.6237244,-98.4238627
445,321 Hwy 181,Taft,Texas,78390,27.9787884,-97.3977848
447,3500 Dyer St,El Paso,Texas,79930,31.8081048,-106.4444291
448,5869 S Cooper St,Arlington,Texas,76017,32.6512788,-97.1344023
450,2305 S Bypass 35,Alvin,Texas,77511,29.4010235,-95.2445378
454,1101 N Valley Mills Dr,Waco,Texas,76710,31.5311146,-97.1868936
455,1709 St. Joseph St,Gonzales,Texas,78629,29.5141265,-97.4586237
456,4143 US Hwy 83 E,Rio Grande City,Texas,78582,26.3715471,-98.7986083
459,8927 Clearwood Dr,Houston,Texas,77075,29.6398447,-95.244227
460,401 E Northwest Hwy,Grapevine,Texas,76051,32.9413644,-97.0746649
465,190 East University Avenue,Las Cruces,New Mexico,88005,32.2819079,-106.7687112
467,10319 US 59 Hwy,Wharton,Texas,77488,29.3267207,-96.1198314
472,5815 Highway 6 North,Houston,Texas,77084,29.8607177,-95.6457745
473,6702 NW Cache Rd,Lawton,Oklahoma,73505,34.6230633,-98.4750937
474,8850 N Stemmons Fwy,Dallas,Texas,75247,32.8352616,-96.8742383
475,4110 N State Line Ave,Texarkana,Arkansas,71854,33.4639539,-94.0427026
476,2830 W Washington St,Stephenville,Texas,76401,32.2028133,-98.2412143
477,3509 Padre Blvd,South Padre Island,Texas,78597,26.1103909,-97.1694718
478,540 N. Main St.,Vidor,Texas,77662,30.1300914,-94.0147369
480,2548 K Ave,Plano,Texas,75074,33.0325482,-96.6986726
481,11135 N Interstate Hwy 35,Austin,Texas,78753,30.3754557,-97.676161
483,17290 I-20,Canton,Texas,75103,32.5803711,-95.8569916
484,806 U.S. 59 North Bypass,Cleveland,Texas,77327,30.3368127,-95.0983879
485,2474 State Highway 361,Ingleside,Texas,78362,27.8804569,-97.2067073
486,106 N Friendswood Dr,Friendswood,Texas,77546,29.5340804,-95.2071974
488,802 N Loop 336 W,Conroe,Texas,77301,30.3355064,-95.4683406
489,4010 Jewella Ave,Shreveport,Louisiana,71109,32.4740779,-93.7975921
490,528 University Blvd,Galveston,Texas,77550,29.3091789,-94.7735881
491,920 S Red River Expy,Burkburnett,Texas,76354,34.080998,-98.5584105
492,5455 Blue Mound Rd,Saginaw,Texas,76106,32.8420819,-97.3436172
493,399 Mary Esther Cut Off NW,Fort Walton Beach,Florida,32548,30.4279974,-86.6397123
495,1005 N. Hwy. 175,Seagoville,Texas,75159,32.6500216,-96.5471702
496,1070 I-30,Rockwall,Texas,75087,32.9088641,-96.4514048
497,2900 N Market St,Shreveport,Louisiana,71107,32.5570774,-93.7822902
498,1700 N Wayside Dr,Houston,Texas,77020,29.7786392,-95.2909151
500,2021 International Blvd,Brownsville,Texas,78521,25.9060642,-97.4832978
501,17234 Northwest Fwy,Jersey Village,Texas,77040,29.8897207,-95.5823436
503,9955 Main St,Houston,Texas,77025,29.6767715,-95.4275555
504,613 N Ed Carey Dr,Harlingen,Texas,78550,26.1656591,-97.6788689
505,214 E Nine Mile Rd,Pensacola,Florida,32534,30.5334571,-87.264903
506,2544 Bert Kouns Industrial Loop,Shreveport,Louisiana,71118,32.4024928,-93.8007098
507,1650 Bert Kouns Road,Shreveport,Louisiana,71105,32.4314736,-93.7138225
508,901 E Seminary Dr,Fort Worth,Texas,76115,32.6846839,-97.3188956
509,410 S Loop 12,Irving,Texas,75060,32.8105017,-96.9208032
510,109 NE 28th St,Fort Worth,Texas,76164,32.7956298,-97.348335
511,3701 West Fwy,Fort Worth,Texas,76107,32.7319838,-97.3721551
512,2470 N Main St,Paris,Texas,75460,33.6854899,-95.5539758
513,1201 W Main St,La Porte,Texas,77571,29.6648553,-95.0312889
516,112 Benton Spur Road,Bossier City,Louisiana,71111,32.5183658,-93.7149922
518,7629 W Bellfort St,Houston,Texas,77071,29.6556318,-95.5105175
519,1830 N Bryant Blvd,San Angelo,Texas,76903,31.4767807,-100.4528056
520,2725 Southwest Pkwy,Wichita Falls,Texas,76308,33.8574103,-98.5347465
521,2727 New Boston Rd,Texarkana,Texas,75501,33.4354341,-94.0779903
522,2108 E Belt Line Rd,Carrollton,Texas,75006,32.9532076,-96.8833143
523,893 East Highway 80,Abilene,Texas,79601,32.4479872,-99.7083546
524,3141 S Danville Dr,Abilene,Texas,79605,32.4132137,-99.773598
525,1717 50th St,Lubbock,Texas,79412,33.5481844,-101.8568741
526,3160 SE Loop 820,Fort Worth,Texas,76140,32.6607263,-97.2829596
527,4801 E Expressway 83,Mercedes,Texas,78570,26.1599555,-97.890657
528,1501 South IH 35,Round Rock,Texas,78664,30.495185,-97.6776538
530,6225 Hulen Bend Road,Fort Worth,Texas,76132,32.6606938,-97.4023325
532,123 Highway 332 West,Lake Jackson,Texas,77566,29.0474564,-95.4607237
533,3636 N Main St,Houston,Texas,77009,29.7913369,-95.3732016
534,411 E Commerce St,Brownwood,Texas,76801,31.7306344,-98.9738138
535,1840 S 19th Ave,Phoenix,Arizona,85009,33.4297562,-112.1003365
536,2300 McArthur Dr.,Orange,Texas,77630,30.0948301,-93.7568012
537,1460 North Dysart Road,Avondale,Arizona,85323,33.4495034,-112.3420894
538,950 N Loop 340,Bellmead,Texas,76705,31.604242,-97.1034269
541,101 W Southwest Pkwy,Lewisville,Texas,75067,33.019483,-96.993469
542,9517 Bissonnet St,Houston,Texas,77036,29.6753608,-95.5438873
543,3222 W Camp Wisdom Rd,Dallas,Texas,75237,32.6620482,-96.8732554
545,4408 Little Rd,Arlington,Texas,76016,32.6758619,-97.1986859
546,202 S Interstate 35,Georgetown,Texas,78628,30.6495772,-97.6812845
548,500 S Highway 287,Decatur,Texas,76234,33.2303307,-97.5956126
549,211 S Watson Rd,Arlington,Texas,76010,32.7347437,-97.0613351
550,7001 North Loop E,Houston,Texas,77028,29.8081172,-95.3014089
551,15811 I-10E,Channelview,Texas,77530,29.7790194,-95.1235885
552,1235 West St Mary's Road,Tucson,Arizona,85745,32.2290118,-110.9919946
553,2401 West Berry Street,Fort Worth,Texas,76110,32.7057175,-97.3526004
554,11075 Gateway West,El Paso,Texas,79935,31.7450879,-106.3319619
556,2406 E End Blvd S,Marshall,Texas,75672,32.5238827,-94.351415
557,1704 S Main St,Sapulpa,Oklahoma,74066,35.9787872,-96.1138959
559,6061 Greenville Ave,Dallas,Texas,75206,32.8593985,-96.7685834
560,28315 Tomball Pkwy,Tomball,Texas,77375,30.0858951,-95.6320672
562,4800 Twin City Hwy,Groves,Texas,77619,29.9389311,-93.9371824
563,3519 S Cooper St,Arlington,Texas,76015,32.687711,-97.1300114
564,1402 Corsicana Hwy.,Hillsboro,Texas,76645,32.0079958,-97.0975224
565,1310 George Dieter Dr,El Paso,Texas,79936,31.7215791,-106.3034524
566,824 S International Blvd,Hidalgo,Texas,78557,26.0994844,-98.2684665
567,211 E FM 1382,Cedar Hill,Texas,75104,32.5981326,-96.9413568
569,4530 Highway 6 Southwood Valley,Sugar Land,Texas,77478,29.5814475,-95.585175
570,307 N Interstate 35,Belton,Texas,76513,31.0559753,-97.4509182
571,1812 W University Dr,Edinburg,Texas,78539,26.3038093,-98.1821101
572,2728 N Main St,Altus,Oklahoma,73521,34.6664432,-99.3335607
573,7820 N Macarthur Blvd,Oklahoma City,Oklahoma,73132,35.5508047,-97.6186583
574,2511 Apalachee Pkwy,Tallahassee,Florida,32301,30.4273634,-84.2383552
575,171 N Stemmons Fwy,Lewisville,Texas,75067,33.0472562,-97.0100931
576,6205 N Lamar Blvd,Austin,Texas,78752,30.3304043,-97.7229788
577,1001 North Boomer,Stillwater,Oklahoma,74075,36.1332226,-97.060999
578,2204 Texas 71 Business,Columbus,Texas,78934,29.6943326,-96.5409621
579,1717 South Loop 256,Palestine,Texas,75801,31.7374908,-95.6079541
580,1717 Loop 323,Tyler,Texas,75701,32.3306999,-95.2665254
581,2460 N Main St,Las Cruces,New Mexico,88001,32.3308745,-106.782512
584,4017 N 23rd St,McAllen,Texas,78504,26.2420465,-98.2396171
585,2040 N 75th Ave,Phoenix,Arizona,85035,33.4706678,-112.2211936
586,2341 E Kenosha St,Broken Arrow,Oklahoma,74012,36.0604955,-95.7637799
587,7375 W Chandler Blvd,Chandler,Arizona,85226,33.3048754,-111.9682093
590,401 TX-71,Bastrop,Texas,78602,30.1063999,-97.3310233
591,181 N Sam Houston Pkwy E,Houston,Texas,77060,29.941506,-95.408886
592,2212 E Main St,League City,Texas,77573,29.5237177,-95.0764412
593,505 US-83,Roma,Texas,78584,26.402636,-99.0063856
594,90 W Expy 83,La Feria,Texas,78559,26.1649035,-97.8247203
595,615 N Daniel Salinas Blvd,Donna,Texas,78537,26.1792429,-98.041631
596,6803 N Loop 1604 W,San Antonio,Texas,78249,29.5890169,-98.6222092
597,10310 S Post Oak Road,Houston,Texas,77035,29.6690811,-95.4629797
598,435 W Valencia Rd,Tucson,Arizona,85706,32.1336346,-110.9763003
599,6300 Gulf Freeway,La Marque,Texas,77568,29.4013067,-95.0329365
601,211 West Rd,Houston,Texas,77038,29.9146718,-95.4146343
602,10112 FM 1472,Laredo,Texas,78045,27.5926283,-99.5132623
603,450 US-83,La Joya,Texas,78560,26.2470666,-98.4735719
604,3710 W Northwest Hwy,Dallas,Texas,75220,32.8602722,-96.8563498
605,13270 Northwest Fwy,Houston,Texas,77040,29.8486861,-95.5035713
607,23607 Highway 59,Porter,Texas,77365,30.1054463,-95.2351916
608,18180 Dallas Pkwy,Dallas,Texas,75287,32.9967412,-96.8286308
609,1425 Eastchase Parkway,Fort Worth,Texas,76120,32.7587792,-97.166589
613,1417 E Tyler St,Athens,Texas,75751,32.2118402,-95.8296766
614,1908 W Ben White Blvd,Austin,Texas,78704,30.2303616,-97.7871572
616,8908 N Navarro St,Victoria,Texas,77904,28.8778244,-96.9965752
618,2916 W Expressway 83,Palmview,Texas,78572,26.2307454,-98.3609256
628,2801 Hwy 36 South,Brenham,Texas,77833,30.1385833,-96.3949725
629,115 N General Bruce Drive,Temple,Texas,76504,31.1035714,-97.3579227
630,348 E Pearl St,Goliad,Texas,77963,28.6684908,-97.3892766
631,10315 S Highway 6,Sugar Land,Texas,77498,29.6650363,-95.643141
634,12140 Montwood Drive,El Paso,Texas,79936,31.7602355,-106.2706484
635,120 N Beckley St,Lancaster,Texas,75146,32.5911377,-96.8214476
638,1365 S Wheeler St,Jasper,Texas,75951,30.9079977,-93.994839
645,3226 Ambassador Caffery Pkwy,Lafayette,Louisiana,70506,30.1837827,-92.07554
646,2321 South Jefferson Ave,Mt. Pleasant,Texas,75455,33.1337167,-94.9676207
648,825 Highway 96 S,Silsbee,Texas,77656,30.3416446,-94.1819161
650,108 N Henderson Blvd,Kilgore,Texas,75662,32.3805099,-94.8685734
651,3402 Hwy 36 S,Rosenberg,Texas,77471,29.5306509,-95.8088717
652,938 W Main St,Gun Barrel City,Texas,75156,32.3312826,-96.1300434
654,870 N Resler Dr,El Paso,Texas,79912,31.8585362,-106.5572562
655,4640 Woodrow Bean Transmountain Dr,El Paso,Texas,79924,31.8979132,-106.4359412
656,1198 N Yarbrough Dr,El Paso,Texas,79925,31.7558414,-106.3419181
657,3105 Forest Ln,Dallas,Texas,75234,32.9101076,-96.8723561
658,6241 Saratoga Blvd,Corpus Christi,Texas,78414,27.6782023,-97.3703912
659,7530 FM 1960 Rd E,Atascocita,Texas,77346,29.9978186,-95.1608354
660,18417 U.S. 281 Access Road,San Antonio,Texas,78258,29.6107627,-98.4689317
661,8481 N US Highway 281,San Antonio,Texas,78216,29.6297526,-98.4597697
664,445 S Central Expy,McKinney,Texas,75070,33.1949432,-96.6386314
667,345 S SW Loop 323,Tyler,Texas,75702,32.347443,-95.3430762
668,3215 Junction Hwy,Ingram,Texas,78025,30.0729927,-99.2296745
669,7110 McPherson Rd.,Laredo,Texas,78041,27.5670094,-99.4735408
670,3797 Southwest Fwy,Houston,Texas,77027,29.7284237,-95.4367944
692,1204 Hwy 281 N.,Marble Falls,Texas,78654,30.5809738,-98.2734447
693,6950 N Loop 1604 E,San Antonio,Texas,78247,29.5922289,-98.3535762
694,6520 Southwest Fwy,Houston,Texas,77074,29.7184206,-95.4983672
695,7101 N 10th St,McAllen,Texas,78504,26.267375,-98.2196852
697,4201 Osuna Rd NE,Albuquerque,New Mexico,87109,35.1568129,-106.595009
698,9263 N Loop 1604 W,San Antonio,Texas,78249,29.5555431,-98.6671708
699,6391 Babcock Rd,San Antonio,Texas,78240,29.5437719,-98.6139845
700,3123 Eastman Rd.,Longview,Texas,75602,32.4535456,-94.7081765
702,202 W. Del Mar Blvd.,Laredo,Texas,78041,27.5680358,-99.4989857
703,4646 Knickerbocker Rd,San Angelo,Texas,76904,31.4142798,-100.4754212
704,2217 E Interstate 20,Midland,Texas,79701,31.9824538,-102.0411036
705,4040 S Interstate 35,San Marcos,Texas,78666,29.8274118,-97.987135
706,5351 N Beach St,Fort Worth,Texas,76137,32.8409862,-97.2911895
707,2741 N Stemmons Fwy,Dallas,Texas,75207,32.8090499,-96.8471188
708,11880 N Central Expwy,Dallas,Texas,75243,32.9110613,-96.7677613
709,13235 Ranch Rd 620 N,Austin,Texas,78717,30.469556,-97.7906701
710,7725 FM 78,San Antonio,Texas,78244,29.492277,-98.3344478
711,10011 San Pedro,San Antonio,Texas,78216,29.5319128,-98.4969273
712,8534 Highway 6 N,Houston,Texas,77095,29.9025644,-95.633165
714,3531 State Highway 528 NW,Albuquerque,New Mexico,87114,35.206323,-106.6503611
716,3325 Lamar Ave,Paris,Texas,75460,33.6613903,-95.51437
717,12808 Frontage Road,San Antonio,Texas,78249,29.5636372,-98.5922352
719,2510 E Expressway 83,Mission,Texas,78572,26.1948084,-98.2825651
720,7201 Quaker Ave,Lubbock,Texas,79424,33.5279458,-101.9055253
721,9990 N 90th St,Scottsdale,Arizona,85258,33.5771085,-111.886319
722,101 Harris Ave,Red Oak,Texas,75154,32.531318,-96.8213459
723,109 West Airtex Blvd,Houston,Texas,77090,29.9811663,-95.4240457
724,1528 Hewitt Dr.,Waco,Texas,76712,31.4825217,-97.2075073
725,1225 Fry Road,Katy,Texas,77449,29.7877397,-95.7202104
726,1614 North Access Road,Clyde,Texas,79510,32.4130693,-99.4907184
728,2428 N Haskell Ave,Dallas,Texas,75204,32.8050986,-96.7891879
729,6225 Precinct Line Rd,North Richland Hills,Texas,76180,32.8607534,-97.1866662
730,6849 South Broadway,Tyler,Texas,75703,32.2748188,-95.3074324
731,2110 N Main St,Roswell,New Mexico,88201,33.418167,-104.5236086
733,6888 Gulf Fwy,Houston,Texas,77087,29.7022017,-95.2970397
734,3130 Broadway St,San Antonio,Texas,78209,29.4556589,-98.4699819
735,4250 FM 2181,Hickory Creek,Texas,75065,33.1295052,-97.044089
736,14310-A IH 35,Austin,Texas,78728,30.433222,-97.6708616
738,4920 W Airport Fwy,Irving,Texas,75062,32.8359447,-97.0234248
740,6100 FM 802,Brownsville,Texas,78521,25.9427011,-97.4273459
741,4416 Highway 359,Laredo,Texas,78043,27.4978185,-99.4489283
742,3845 S Carrier Pkwy,Grand Prairie,Texas,75052,32.6789434,-97.0062808
743,6401 Coit Rd,Plano,Texas,75024,33.0595021,-96.7710021
744,402 E Polk St,Burnet,Texas,78611,30.759435,-98.2243312
745,2720 W Sam Houston Pkwy S,Houston,Texas,77042,29.735751,-95.5587131
746,694 N. First St.,Timpson,Texas,75975,31.9057058,-94.3988339
747,1800 Texas 71,La Grange,Texas,78945,29.9192028,-96.8543437
748,4687 State Highway 121,The Colony,Texas,75056,33.065018,-96.8928012
749,18330 Blanco Rd,San Antonio,Texas,78258,29.6110584,-98.5079591
750,20550 Interstate 45,Spring,Texas,77373,30.0645585,-95.4331721
751,2000 State Highway 26,Grapevine,Texas,76051,32.9590854,-97.0430179
752,440 Northwest Pkwy,Azle,Texas,76020,32.8993514,-97.5429607
753,101 West Highway 67,Venus,Texas,76084,32.4350532,-97.1047748
754,605 E Byron Nelson Blvd,Roanoke,Texas,76262,33.0027888,-97.2204784
755,2557 NW Loop 410,San Antonio,Texas,78230,29.5125364,-98.5347006
756,2460 W Bethany Home Rd,Phoenix,Arizona,85015,33.5252427,-112.111491
757,7826 Denton Hwy,Watauga,Texas,76148,32.8860931,-97.2595963
758,6120 Hollywood Rd,Amarillo,Texas,79110,35.1172861,-101.9039557
760,6707 Pines Rd,Shreveport,Louisiana,71129,32.4472439,-93.8632545
761,4610 S 48th St,Phoenix,Arizona,85040,33.4057994,-111.9788211
762,2545 Firewheel Pkwy,Garland,Texas,75040,32.9385852,-96.6050577
763,4983 Highway 90,Milton,Florida,32571,30.6028576,-87.1159822
764,14251 West Indian School Bypass,Goodyear,Arizona,85395,33.485423,-112.3654898
765,2747 E Broadway Rd,Mesa,Arizona,85204,33.4077336,-111.7715847
766,14935 F.M. 1663,Winnie,Texas,77665,29.836002,-94.383697
768,8226 University Ave,Lubbock,Texas,79423,33.517519,-101.8710398
769,1203 N Dickinson Dr,Rusk,Texas,75785,31.8009771,-95.1476458
771,4915 E Interstate 20 Service Rd N,Willow Park,Texas,76087,32.7358042,-97.6333093
772,1000 E Nolana Ave,McAllen,Texas,78504,26.236437,-98.2038421
773,117 Shannon Road,Sulphur Springs,Texas,75482,33.1156534,-95.5940188
774,1430 West River Road,Tucson,Arizona,85704,32.2979081,-110.9968845
776,1320 E Main St,Midlothian,Texas,76065,32.4741519,-96.978108
777,3580 W Alton Gloor Blvd,Brownsville,Texas,78520,25.9776544,-97.5190978
778,18190 Gulf Fwy,Friendswood,Texas,77546,29.5532096,-95.1567894
779,3850 S Ferdon Blvd,Crestview,Florida,32536,30.7217756,-86.569764
781,2710 N State Hwy 360 Service Rd E,Grand Prairie,Texas,75050,32.7955364,-97.0553689
782,503 SW Military Dr,San Antonio,Texas,78221,29.3570152,-98.4995735
784,8426 Broadway St,San Antonio,Texas,78209,29.5159908,-98.4644204
785,375 South Telshor Blvd,Las Cruces,New Mexico,88011,32.3174769,-106.7475835
786,2900 N. Airfield Drive,Dallas,Texas,75261,32.9199286,-97.0204643
787,6425 Weber Rd,Corpus Christi,Texas,78413,27.7004163,-97.4124627
788,3603 Houston Hwy,Victoria,Texas,77901,28.815461,-96.965184
789,40 N Kessler Ave,Schulenburg,Texas,78956,29.6912158,-96.9022788
790,5760 W Loop 1604 N,San Antonio,Texas,78251,29.4912135,-98.7048705
791,1725 N University Ave,Lafayette,Louisiana,70507,30.2532055,-92.0379963
792,2496 Schillinger Rd,Mobile,Alabama,36695,30.6382599,-88.2247195
793,1717 E University Dr,Edinburg,Texas,78542,26.2993224,-98.1455098
794,14646 Blanco Rd,San Antonio,Texas,78216,29.576742,-98.5128268
795,2050 E Austin St,Giddings,Texas,78942,30.1791358,-96.9168465
796,2011 Ranch Road 620 S,Lakeway,Texas,78734,30.3434136,-97.9661614
797,17480 W Grand Pkwy South,Sugar Land,Texas,77479,29.563702,-95.687653
798,3424 E Hebron Pkwy,Carrollton,Texas,75010,33.0263626,-96.8409416
799,11740 Plano Rd,Dallas,Texas,75243,32.9086472,-96.6998097
800,2701 S US Hwy 77 Bypass,Kingsville,Texas,78363,27.4908138,-97.8482666
801,1400 Central Blvd,Brownsville,Texas,78520,25.9243778,-97.5109973
802,5400 FM 1640 Rd,Richmond,Texas,77469,29.5596508,-95.7607393
803,190 Eglin Pkwy NE,Fort Walton Beach,Florida,32548,30.4242502,-86.6095485
804,101 Harbor Blvd,Destin,Florida,32541,30.3954643,-86.5098201
805,10725 Emerald Coast Pkwy,Destin,Florida,32550,30.3786396,-86.3536706
806,2500 Lakeview Pkwy,Rowlett,Texas,75088,32.9073179,-96.578305
807,201 E Griffin Pkwy,Mission,Texas,78572,26.2298487,-98.3218053
808,1745 Rock Prairie Rd,College Station,Texas,77845,30.5837199,-96.2884305
809,3400 W Slaughter Ln,Austin,Texas,78748,30.182946,-97.8474412
810,3040 Silverlake Village Dr,Pearland,Texas,77584,29.5540301,-95.3859595
812,433 Coit Rd,Plano,Texas,75075,33.0044201,-96.7684294
813,15329 Wallisville Rd,Houston,Texas,77049,29.8080871,-95.1680937
814,AT&T Center Parkway,San Antonio,Texas,78219,29.4339838,-98.4336948
815,12424 Tomball Pkwy,Houston,Texas,77086,29.9106636,-95.4781138
816,850 Market Pl,Irving,Texas,75063,32.9170725,-96.9595201
817,6745 Siegen Ln,Baton Rouge,Louisiana,70809,30.3877173,-91.0621135
818,3797 N Houston School Rd,Lancaster,Texas,75134,32.640834,-96.8065392
819,1905 Texas Ave,Bridge City,Texas,77611,30.0336452,-93.8337059
820,2215 North Main Street,Cleburne,Texas,76033,32.3802243,-97.3936574
821,1325 S Meridian Ave,Oklahoma City,Oklahoma,73108,35.4521763,-97.6016219
822,708 North Parkway,Alvarado,Texas,76009,32.417729,-97.2240164
823,3073 College Park Dr,The Woodlands,Texas,77384,30.206383,-95.4619521
824,26040 US-290 Frontage,Cypress,Texas,77429,29.9725933,-95.6947405
825,4120 S Collins St,Arlington,Texas,76014,32.6801385,-97.0940781
827,8501 S Lancaster Rd,Dallas,Texas,75241,32.6440894,-96.7804585
828,22603 Tomball Pkwy,Tomball,Texas,77375,30.0141582,-95.5923566
829,454 S Bibb Ave,Eagle Pass,Texas,78852,28.7030999,-100.4826896
830,7241 IH 10,Orange,Texas,77630,30.1143012,-93.8188598
831,1201 West Glade Road,Euless,Texas,76039,32.881038,-97.1008437
832,3000 Western Center Blvd,Fort Worth,Texas,76131,32.8606792,-97.3167656
833,12401 Westheimer Rd,Houston,Texas,77077,29.7358053,-95.5997649
834,3239 SE Military Dr,San Antonio,Texas,78223,29.3521502,-98.4355157
835,1520 Keller Parkway,Keller,Texas,76248,32.932824,-97.2180567
836,1320 North High Street,Jackson,Mississippi,39202,32.3036632,-90.1689771
837,809 Riverhill Dr,Laredo,Texas,78046,27.4604414,-99.4780544
838,214 E Parkwood Ave,Friendswood,Texas,77546,29.510833,-95.1874893
839,2203 E Evans Rd,San Antonio,Texas,78259,29.6367877,-98.4545503
840,2740 E Whitestone Blvd,Cedar Park,Texas,78613,30.5327471,-97.7871997
841,1708 S Loop 288,Denton,Texas,76205,33.1930573,-97.0973122
842,9500 Candelaria Rd NE,Albuquerque,New Mexico,87112,35.1157716,-106.5353442
843,3611 Sangani Blvd,Diberville,Mississippi,39540,30.4584265,-88.8952331
844,621 W Bandera Rd,Boerne,Texas,78006,29.7789865,-98.7395559
845,9102 Mcpherson Rd,Laredo,Texas,78045,27.5915036,-99.4796407
846,1560 North Cockrell Hill,Dallas,Texas,75211,32.7645214,-96.8949975
847,401 N. Main St.,Lumberton,Texas,77657,30.260093,-94.1992437
848,840 N Airline Hwy,Gonzales,Louisiana,70737,30.2386838,-90.9133674
849,11484 Highway 49,Gulfport,Mississippi,39503,30.455422,-89.0996114
850,3308 Fourth St.,Longview,Texas,75605,32.5429065,-94.730331
851,141 S U.S. Hwy 281,Alice,Texas,78332,27.7478829,-98.1119634
852,9029 Spencer Hwy,La Porte,Texas,77571,29.6645404,-95.0997727
853,7165 Philips Hwy,Jacksonville,Florida,32256,30.242601,-81.5980889
854,6129 Mobile Hwy,Pensacola,Florida,32526,30.463696,-87.3025702
855,18253 Marsh Ln,Dallas,Texas,75287,32.998077,-96.8561867
858,2123 W Davis St,Conroe,Texas,77304,30.3174051,-95.4786413
861,3851 Bienville Blvd,Ocean Springs,Mississippi,39564,30.4099562,-88.7622567
862,13880 US Highway 19 South,Thomasville,Georgia,31757,30.8393499,-83.9431868
864,800 E County Line Rd,Ridgeland,Mississippi,39157,32.400143,-90.1436116
865,1201 Atlantic Blvd,Neptune Beach,Florida,32266,30.3240236,-81.4093749
866,501 East Highway 67,Duncanville,Texas,75137,32.6334596,-96.9008214
868,7010 Lancer Rd,Laredo,Texas,78041,27.5597494,-99.4482049
872,2173 W Oaklawn Rd,Pleasanton,Texas,78064,28.9382963,-98.514714
874,8840 Beach Blvd,Jacksonville,Florida,32216,30.2863364,-81.5634472
875,1033 East Trinity Mills,Carrollton,Texas,75006,32.9842364,-96.9078959
877,2401 Gilmer Road,Longview,Texas,75604,32.5317552,-94.7889424
879,3402 Halls Ferry Rd,Vicksburg,Mississippi,39180,32.3143187,-90.8769356
882,5060 State Hwy 78,Sachse,Texas,75048,32.9690959,-96.6056418
883,9501 White Settlement Rd,Fort Worth,Texas,76108,32.7603654,-97.4806764
884,9300 S Interstate 35,Austin,Texas,78748,30.1631095,-97.7903675
886,7755 Normandy Blvd,Jacksonville,Florida,32221,30.2959105,-81.7756474
887,6288 North US Hwy 271,Tyler,Texas,75708,32.3954672,-95.2694437
888,1135 Gulf Breeze Highway,Gulf Breeze,Florida,32561,30.3579419,-87.15721
890,2300 S Highway 29,Cantonment,Florida,32533,30.5685883,-87.2893602
891,215 N Interstate 45 Service Rd,Hutchins,Texas,75141,32.6500591,-96.7091095
892,4640 E Palm Valley Blvd,Round Rock,Texas,78665,30.5326618,-97.6137515
893,1000 Main St,Houston,Texas,77002,29.7567954,-95.3659038
895,100 State Park Road,Lockhart,Texas,78644,29.871899,-97.6693719
896,5931 Trussville Crossings Pkwy,Birmingham,Alabama,35235,33.6429862,-86.6259535
897,1520 North State Highway 46,Seguin,Texas,78155,29.5818836,-97.9914324
898,14460 FM 2100,Crosby,Texas,77532,29.8964914,-95.0626543
899,318 N Westgate Dr,Weslaco,Texas,78596,26.1646727,-98.0063251
900,734 E Port Ave,Corpus Christi,Texas,78401,27.8091447,-97.4000338
901,6203 FM 1488 Rd,Magnolia,Texas,77354,30.2228695,-95.5613632
902,3620 E Interstate 40,Amarillo,Texas,79103,35.19212,-101.7937763
904,6241 Old Highway 135 N,Kilgore,Texas,75662,32.4348773,-94.9441002
906,1520 Cypress Creek Road,Cedar Park,Texas,78613,30.4798588,-97.8327797
907,6301 W Parmer Ln,Austin,Texas,78729,30.445215,-97.7439195
909,463773 State Rd 200,Yulee,Florida,32097,30.6276893,-81.5507787
910,6611 S Mo Pac Expy,Austin,Texas,78749,30.2199628,-97.8353433
911,4040 Little York Rd,Houston,Texas,77093,29.8693731,-95.3279376
912,1701 W Tennessee St,Tallahassee,Florida,32304,30.4487346,-84.308961
913,2434 US Highway 331 S,Defuniak Springs,Florida,32435,30.686484,-86.123213
914,2440 Presidential Pkwy,Midlothian,Texas,76065,32.4557153,-96.9350659
915,5512 4th St,Lubbock,Texas,79416,33.5927534,-101.9336473
916,102 S John Redditt Dr,Lufkin,Texas,75904,31.3323786,-94.7599973
918,5570 FM 3009,Schertz,Texas,78154,29.602034,-98.2779047
919,4125 S Loop 1604 E,San Antonio,Texas,78264,29.2193069,-98.4143317
920,1601 Main Street,Fultondale,Alabama,35068,33.6091042,-86.7999885
922,962 E. Hwy 80,Forney,Texas,75126,32.7423186,-96.4438713
923,4450 E Highway 20,Niceville,Florida,32578,30.4857788,-86.4186319
924,8319 State Highway 151,San Antonio,Texas,78245,29.4372051,-98.6517868
925,4321 N Conway Ave,Palmhurst,Texas,78573,26.2596687,-98.3189605
926,114 Broadhead Rd,Waxahachie,Texas,75165,32.4020962,-96.8172014
927,1101 1st Street South,Alabaster,Alabama,35007,33.2333074,-86.81001
928,2509 Trimmier Road,Killeen,Texas,76542,31.0913291,-97.7340106
929,8430 FM 1960 Bypass Rd W,Humble,Texas,77338,30.0042312,-95.2987254
930,229 19th St,Hondo,Texas,78861,29.3478524,-99.1289048
931,5648 Woodbine Rd,Pace,Florida,32571,30.6421863,-87.1803606
932,5346 Stewart St,Milton,Florida,32570,30.6290795,-87.0425369
933,2990 Gulf Fwy S,League City,Texas,77573,29.4679817,-95.0890313
934,1281 E Loop 304,Crockett,Texas,75835,31.3154474,-95.4354028
937,819 West Panola Street,Carthage,Texas,75633,32.1574103,-94.3530808
938,3510 N Main St,Taylor,Texas,76574,30.5986032,-97.4151849
939,4108 W LOOP 281,Longview,Texas,75604,32.497423,-94.7774139
940,6414 82nd St,Lubbock,Texas,79424,33.5202628,-101.9550235
941,1790 W Fairfield Dr,Pensacola,Florida,32501,30.4456037,-87.2387027
943,4831 Wilson Rd,Humble,Texas,77396,29.9360848,-95.2490409
944,2965 N Highway 77,Waxahachie,Texas,75165,32.4576051,-96.8356553
945,961 W Belt Line Rd,Desoto,Texas,75115,32.590159,-96.8801506
946,530 W Loop 1604 N,San Antonio,Texas,78251,29.4377713,-98.7101128
947,5401 FM 1626,Kyle,Texas,78640,30.0158656,-97.8620114
948,30330 FM 2978 Rd,Magnolia,Texas,77354,30.1914362,-95.5900879
949,12510 SW Loop 410,San Antonio,Texas,78224,29.3211609,-98.5543353
950,23540 Westheimer Pkwy,Katy,Texas,77494,29.7341115,-95.7753932
951,7418 S Sam Houston Pkwy W,Houston,Texas,77085,29.6157118,-95.4963185
952,911 10th Street,Floresville,Texas,78114,29.1439838,-98.1564108
953,4500 Bass Pro Drive,Garland,Texas,75043,32.8646472,-96.5420013
954,8340 N Century Blvd,Century,Florida,32535,30.9801204,-87.257985
956,3109 Texas Ave,College Station,Texas,77845,30.6425184,-96.3512056
957,1415 SW H K Dodgen Loop,Temple,Texas,76502,31.0728146,-97.3698463
958,130 East Central Texas Expressway,Harker Heights,Texas,76548,31.0698185,-97.6665315
959,557 Cahaba Valley Road,Pelham,Alabama,35124,33.3346429,-86.7856489
961,921 Holiday Dr,Ardmore,Oklahoma,73401,34.1858659,-97.1654948
962,121 South State Highway 342,Red Oak,Texas,75154,32.5113711,-96.8045021
963,8608 State Highway 121,McKinney,Texas,75070,33.1282063,-96.7270094
964,864 Hurst St,Center,Texas,75935,31.8055539,-94.191022
965,6920 Navarre Pkwy,Navarre,Florida,32566,30.4026471,-86.9338693
966,7434 S Staples St,Corpus Christi,Texas,78413,27.6674265,-97.3947318
967,16772 FM 2493,Tyler,Texas,75703,32.2361073,-95.3488726
968,2280 7th Street South,Clanton,Alabama,35046,32.8008917,-86.5745934
969,3609 N US Highway 75,Sherman,Texas,75090,33.6757223,-96.6079583
971,9968 Airport Blvd,Mobile,Alabama,36608,30.6709802,-88.2781455
972,12405 Texas 155,Tyler,Texas,75703,32.301299,-95.3394597
973,289 Blanding Blvd,Orange Park,Florida,32073,30.1714935,-81.7462445
974,22710 Bellaire Blvd,Richmond,Texas,77406,29.6896049,-95.7722233
975,301 E FM 544,Murphy,Texas,75094,33.0119157,-96.6043484
976,2290 S Service Rd,Moore,Oklahoma,73160,35.3172933,-97.4887099
977,5266 Preston Rd,Frisco,Texas,75034,33.1227943,-96.804937
978,103 E Hwy 80,White Oak,Texas,75693,32.5207364,-94.8606454
979,103 N Brentwood Dr,Lufkin,Texas,75904,31.2982947,-94.7297334
980,5003 Troup Hwy,Tyler,Texas,75707,32.2962773,-95.2632609
981,7057 S Desert Blvd,Canutillo,Texas,79835,31.9120903,-106.5838896
982,18609 Limestone Commercial Dr,Pflugerville,Texas,78660,30.465388,-97.5968305
983,6520 Westworth Blvd,Westworth Village,Texas,76114,32.7571281,-97.4272691
984,388 E Stacy Rd,Allen,Texas,75002,33.1290574,-96.6479858
985,4590 NW Loop 410,San Antonio,Texas,78229,29.4888495,-98.5735088
986,9232 W Sam Houston Pkwy N,Houston,Texas,77064,29.9041911,-95.5521507
987,6131 N Fry Rd,Katy,Texas,77449,29.8630681,-95.7210768
988,320 Northpark Dr,Kingwood,Texas,77339,30.0683688,-95.2434218
989,2668 Douglas Ave,Brewton,Alabama,36426,31.1491887,-87.0659581
990,8820 Highway 6,Missouri City,Texas,77459,29.5390918,-95.5376342
992,2800 Guadalupe St,Austin,Texas,78705,30.2934511,-97.7421583
993,2710 FM 407,Highland Village,Texas,75077,33.0741748,-97.0714866
994,3706 D B Wood Rd,Georgetown,Texas,78628,30.6815884,-97.7178714
995,1687 Texas 46,New Braunfels,Texas,78132,29.7160757,-98.1603379
996,2420 W University Dr,Denton,Texas,76201,33.2303441,-97.1638695
997,2265 W Holcombe Blvd,Houston,Texas,77030,29.7059024,-95.4122045
998,7760 S Olympia Ave,Tulsa,Oklahoma,74132,36.0517402,-96.0056009
999,598 E Hwy 290 W,Dripping Springs,Texas,78620,30.1902607,-98.0816333
1000,670 Old San Antonio Rd,Buda,Texas,78610,30.0868041,-97.8225397
1001,12768 Hwy 84 East,Joaquin,Texas,75954,31.9689296,-94.0206599
1002,25635 Katy Fwy,Katy,Texas,77494,29.7748525,-95.8204861
1003,505 S Plano Rd,Richardson,Texas,75081,32.9426775,-96.6994247
1004,4836 N Kickapoo Ave,Shawnee,Oklahoma,74804,35.3811862,-96.9303736
1005,2424 W Main St,Norman,Oklahoma,73069,35.2180537,-97.4778105
1006,108 East I-20,Weatherford,Texas,76086,32.7288234,-97.7875721
1007,104 S Railroad Avenue,Mt. Enterprise,Texas,75681,31.9175177,-94.6804977
1008,18303 W Interstate 10 Frontage Rd,San Antonio,Texas,78257,29.6145616,-98.6040357
1009,3521 N Central Expy,Plano,Texas,75023,33.0448461,-96.7015181
1010,730 N Denton Tap Rd,Coppell,Texas,75019,32.9871749,-96.9923567
1011,4471 State Hwy 6 S,College Station,Texas,77845,30.5610806,-96.2578112
1012,8700 Lakeview Pkwy,Rowlett,Texas,75088,32.9172792,-96.5165795
1013,6232 Retail Rd,Dallas,Texas,75231,32.8614075,-96.7524312
1014,12721 I-45N,Willis,Texas,77318,30.4239513,-95.4937373
1016,3320 E Broad St,Mansfield,Texas,76063,32.5757261,-97.0829358
1017,123 Creekside Crossing,New Braunfels,Texas,78130,29.7278937,-98.0762091
1018,9053 W University Dr,McKinney,Texas,75071,33.2179774,-96.7338238
1019,8134 W Sam Houston Pkwy S,Houston,Texas,77072,29.6911231,-95.5580568
1020,11650 N Dallas Pkwy,Frisco,Texas,75034,33.1743604,-96.8384918
1021,1845 W Pinhook Rd,Lafayette,Louisiana,70508,30.1896898,-92.0144064
1022,8300 N FM 620,Austin,Texas,78726,30.423726,-97.8467399
1023,1410 S Cage Blvd,Pharr,Texas,78577,26.1783231,-98.1872779
1024,15255 Montfort Dr,Dallas,Texas,75248,32.9580367,-96.8188222
1025,412 E Commerce St,San Antonio,Texas,78205,29.4238514,-98.4888746
1026,1134 Pat Booker Rd,Universal City,Texas,78148,29.5505835,-98.2970612
1027,10121 S Memorial Dr,Tulsa,Oklahoma,74133,36.0156918,-95.8857173
1028,93 FM 1346,La Vernia,Texas,78121,29.3581481,-98.1364588
1029,892 US Highway 271 N,Gilmer,Texas,75644,32.7410988,-94.9412499
1030,11769 Panama City Beach Pkwy,Panama City Beach,Florida,32407,30.1992388,-85.8186041
1031,2412 9th St,Lubbock,Texas,79401,33.5875274,-101.8693244
1032,3505 W Main St,Durant,Oklahoma,74701,33.9987209,-96.4105435
1033,2401 S Highway 77,Lynn Haven,Florida,32444,30.2219621,-85.6486902
1034,17311 Bulverde Rd,San Antonio,Texas,78247,29.5988945,-98.419429
1035,19561 McDonald St,Lytle,Texas,78052,29.2312978,-98.7888653
1036,311 South Main Street,Lindale,Texas,75771,32.5123712,-95.409786
1037,2344 East Rental Car Drive,Euless,Texas,76155,32.8521795,-97.0386989
1038,700 S Home Street,Corrigan,Texas,75939,30.9882809,-94.8263651
1039,8008 Cedar Springs Road,Dallas,Texas,75235,32.8444583,-96.849846
1040,18950 Highway 105 W,Montgomery,Texas,77356,30.3839568,-95.6540166
1041,2914 S Douglas Blvd,Midwest City,Oklahoma,73130,35.4364315,-97.3702895
1042,4888 E 21st St S,Tulsa,Oklahoma,74114,36.1329798,-95.9230783
1043,212 N Mustang Rd,Mustang,Oklahoma,73064,35.3926318,-97.7242304
1044,3006 E Business 190,Copperas Cove,Texas,76522,31.1204241,-97.8629882
1045,2115 FM 2920 Rd,Spring,Texas,77388,30.0692264,-95.4475363
1046,2001 S Interstate 45,Corsicana,Texas,75109,32.0700659,-96.4474922
1047,340 Highway 6,Sugar Land,Texas,77478,29.6102744,-95.6470685
1048,801 N Service Rd E,Ruston,Louisiana,71270,32.5411441,-92.6281738
1049,3100 N Terminal Rd,Houston,Texas,77032,29.9869042,-95.3459112
1050,2155 Airport Fwy,Euless,Texas,76040,32.8366235,-97.1180835
1051,703 S Magnolia,Woodville,Texas,75979,30.7682943,-94.4141692
1052,1243 Austin Highway,San Antonio,Texas,78209,29.4889929,-98.4447922
1053,103 Hwy 31 West,Chandler,Texas,75758,32.3072725,-95.4806074
1054,11250 US Hwy 380,Cross Roads,Texas,76227,33.2264018,-96.9877032
1055,516 W Cypress,San Antonio,Texas,78212,29.4403209,-98.499661
1056,13910 Horizon Blvd,Horizon City,Texas,79928,31.6821579,-106.2005652
1057,12100 Lake June Rd,Balch Springs,Texas,75180,32.7335766,-96.618554
1058,11025 Shadow Creek Parkway,Pearland,Texas,77584,29.5817839,-95.3886996
1059,28630 US-290 Frontage,Cypress,Texas,77433,29.9920697,-95.7490307
1060,1301 E Main St,Fredericksburg,Texas,78624,30.261033,-98.8565645
1061,12309 Nacogdoches Rd,San Antonio,Texas,78217,29.5525095,-98.4057227
1062,602 W Main St,Hallsville,Texas,75650,32.5095633,-94.5905172
1063,1021 N Saginaw Blvd,Saginaw,Texas,76179,32.8748038,-97.3772125
1064,1001 Hwy 82 E,Whitesboro,Texas,76273,33.6727836,-96.9053388
1065,300 U.S. 175,Kaufman,Texas,75142,32.5719011,-96.3067208
1066,3141 S McKenzie St,Foley,Alabama,36535,30.3683761,-87.6823632
1067,305 FM 518 Rd,Kemah,Texas,77565,29.5356356,-95.0207043
1068,1410 S Lynn Riggs Blvd,Claremore,Oklahoma,74017,36.2957647,-95.6282747
1069,7702 S Padre Island Dr,Corpus Christi,Texas,78412,27.6899981,-97.3318459
1070,23522 Wilderness Oak,San Antonio,Texas,78258,29.6594784,-98.4998968
1071,12903B E 96th St N,Owasso,Oklahoma,74055,36.2935379,-95.8285193
1072,8730 Texas 146,Baytown,Texas,77523,29.8178206,-94.8994618
1073,208 S Council Rd,Oklahoma City,Oklahoma,73128,35.4633493,-97.6535606
1074,2200 North Pacific Street,Mineola,Texas,75773,32.6888348,-95.4835282
1075,2411 Louisville Ave,Monroe,Louisiana,71201,32.5240394,-92.0974951
1076,521 E Kings Hwy,Shreveport,Louisiana,71105,32.4810435,-93.7238152
1077,10401 Alameda Ave,Socorro,Texas,79927,31.6527465,-106.2883715
1078,9130 Barker Cypress Rd,Cypress,Texas,77433,29.9111732,-95.6855922
1079,1110 Silber Rd,Houston,Texas,77055,29.7888274,-95.4676034
1080,1101 W I 35 Frontage Rd,Edmond,Oklahoma,73034,35.6425295,-97.4261155
1081,13933 E Sam Houston Pkwy N,Houston,Texas,77044,29.923013,-95.2007767
1082,3120 S Jackson Rd,Hidalgo,Texas,78557,26.1249365,-98.2170045
1083,2103 Ruben Torres Blvd,Brownsville,Texas,78526,25.9515127,-97.4844393
1084,2236 Jacksboro Hwy,Fort Worth,Texas,76114,32.7846139,-97.3809276
1085,12302 Montana Ave,El Paso,Texas,79938,31.8061021,-106.2591896
1086,1956 W Martin Luther King Blvd,Fayetteville,Arkansas,72701,36.0567284,-94.1879181
1087,13229 N Pennsylvania Ave,Oklahoma City,Oklahoma,73120,35.6045233,-97.5501762
1088,148 Farm To Market Road 148,Terrell,Texas,75160,32.7183551,-96.3217142
1089,4335 S Pleasant Crossing Blvd,Rogers,Arkansas,72758,36.2820751,-94.1509566
1090,8000 FM 423,Frisco,Texas,75036,33.1460427,-96.8902918
1091,13148 Highway 287,Haslet,Texas,76052,32.9669712,-97.4155972
1092,4172 Elm Springs Rd,Springdale,Arkansas,72762,36.1938631,-94.1761308
1093,906 U.S. 49,Richland,Mississippi,39218,32.2224152,-90.1559905
1094,13500 N Macarthur Blvd,Oklahoma City,Oklahoma,73142,35.6073699,-97.6202542
1095,4196 Highway 528 NE,Rio Rancho,New Mexico,87144,35.328719,-106.5713206
1096,20314 State Highway 46 W,Spring Branch,Texas,78070,29.798391,-98.4219778
1097,6705 W Adams Ave,Temple,Texas,76502,31.1163585,-97.4136119
1098,2620 Airline Dr,Bossier City,Louisiana,71111,32.5509993,-93.7091044
1099,9100 N Tarrant Pkwy,North Richland Hills,Texas,76182,32.9033127,-97.191718
1100,4030 N College Ave,Fayetteville,Arkansas,72703,36.1244099,-94.1439774
1101,25111 Interstate 10,San Antonio,Texas,78257,29.6746402,-98.6364488
1102,2870 TX-1604 Loop,San Antonio,Texas,78245,29.4025836,-98.7052145
1103,3447 Rayford Rd,Spring,Texas,77386,30.1124918,-95.388945
1104,102 W Royall Blvd,Malakoff,Texas,75148,32.1711488,-96.0134628
1105,6151 Eldorado Pkwy,McKinney,Texas,75070,33.173513,-96.6960401
1106,8002 Fredericksburg Rd,San Antonio,Texas,78229,29.5136875,-98.5689469
1107,5916 Old Jacksonville Highway,Tyler,Texas,75703,32.2839085,-95.3307975
1108,12003 E US 290,Manor,Texas,78653,30.3486005,-97.5402313
1109,2209 N Tarrant Pkwy,Ft. Worth,Texas,76177,32.8991165,-97.3265305
1110,540 W Interstate 30,Royse City,Texas,75189,32.9640258,-96.3423679
1111,12110 S Waco Ave.,Glenpool,Oklahoma,74033,35.9869486,-96.0168102
1112,3839 E 1604 N,Converse,Texas,78109,29.4717166,-98.2951246
1113,1724 Old Fannin Rd,Flowood,Mississippi,39232,32.3420434,-90.0653706
1114,651 South Doctor M Roper Parkway,Bullard,Texas,75757,32.1282515,-95.3042923
1115,4970 W University Dr,McKinney,Texas,75071,33.2188421,-96.677637
1117,5012 Gattis School Road,Hutto,Texas,78634,30.502879,-97.5816496
1118,820 Skyland Blvd.,Tuscaloosa,Alabama,35405,33.1658502,-87.5496097
1120,930 E Interstate 30,Grand Prairie,Texas,75050,32.759611,-96.993511
1121,803 W Princeton Dr,Princeton,Texas,75407,33.1755163,-96.5148295
1123,11441 Quaker Ave,Lubbock,Texas,79424,33.4875345,-101.9042127
1124,2940 W Grand Pkwy N,Katy,Texas,77449,29.8162425,-95.7702958
1125,4545 Kingwood Dr,Kingwood,Texas,77345,30.0526675,-95.1817291
1126,3711 Las Estancias Ct,Albuquerque,New Mexico,87121,35.0231993,-106.7138583
1127,8821 South Hwy 34,Quinlan,Texas,75474,32.9078428,-96.1275589
1128,1000 Industrial Pkwy,Saraland,Alabama,36571,30.8017806,-88.0941023
1129,1700 N Interstate 35,Gainesville,Texas,76240,33.6418413,-97.1542595
1130,25720 Kuykendahl Rd,Tomball,Texas,77375,30.1338627,-95.5534841
1131,301 N E Georgia Ave,Sweetwater,Texas,79556,32.4514988,-100.3959622
1132,12703 Grand Pkwy,New Caney,Texas,77357,30.1306679,-95.2323466
1133,1201 S Preston Rd,Prosper,Texas,75078,33.2214105,-96.799245
1134,1300 Airway Blvd STE B,El Paso,Texas,79925,31.7864812,-106.3951568
1135,1451 Wellborn Rd,College Station,Texas,77840,30.5903796,-96.3293368
1136,457 S. Loop 336 W.,Conroe,Texas,77304,30.2794693,-95.4690368
1137,263 I.H. 45 South,Huntsville,Texas,77340,30.7077594,-95.564066
1138,2630 South S.H. 161,Grand Prairie,Texas,75052,32.7077066,-97.0238238
1139,4975 East Freeway,Baytown,Texas,77521,29.8052271,-94.9837598
1140,1301 McFarland Blvd E,Tuscaloosa,Alabama,35404,33.2006015,-87.5248059
1141,11510 Pearland Pkwy,Houston,Texas,77089,29.5978815,-95.2669337
1142,3535 Nederland Ave,Nederland,Texas,77627,29.957096,-94.0051651
1143,21710 Kuykendahl Rd,Spring,Texas,77379,30.0831069,-95.5221579
1144,7411 Southwest Fwy,Houston,Texas,77074,29.6992726,-95.5178949
1145,12445 Hwy 64 E,Tyler,Texas,75707,32.3161947,-95.2029984
1146,2215 W Gentry Pkwy,Tyler,Texas,75702,32.3674018,-95.3251392
1147,4050 N Loop 1604 W,Shavano Park,Texas,78231,29.5999846,-98.5608781
1148,27002 FM 1093 Rd,Richmond,Texas,77406,29.6955996,-95.8444298
1152,2610 N. International Pkwy,DFW Airport,Texas,75261,32.8978262,-97.040375
1153,5970 Hwy 6,Missouri City,Texas,77459,29.5664479,-95.5660146
1156,10173 US Hwy 259,Nacogdoches,Texas,75964,31.7042143,-94.6776357
1157,26510 U.S. 281,San Antonio,Texas,78260,29.6928578,-98.4515415
1158,5545 McPherson Blvd,Fort Worth,Texas,76123,32.6062393,-97.410061
1160,609 Center St,Deer Park,Texas,77536,29.7061679,-95.1235471
1162,5151 Rangeline Service Rd N,Mobile,Alabama,36619,30.5974996,-88.1606801
1164,350 State Highway 78,Wylie,Texas,75098,33.0105162,-96.5434989
1167,29651 State Hwy 181,Daphne,Alabama,36526,30.6571124,-87.852942
1169,4608 FM 1960 West Rd,Houston,Texas,77069,29.9872315,-95.500498
1172,7134 E Thomas Rd,Scottsdale,Arizona,85251,33.480758,-111.9280104
